"","dates","loss","realGDP","gdpDelta","gdpZScore","Participation rate (percent)","Unemployment rate (percent)","employZScore"
"1",1976-01-15,NA,NA,NA,NA,61.5,7.1,NA
"2",1976-02-15,NA,NA,NA,NA,61.5,7,0
"3",1976-03-15,NA,NA,NA,NA,61.4,6.7,-0.182907677017147
"4",1976-04-15,NA,NA,NA,NA,61.6,6.8,-0.121938451344765
"5",1976-05-15,NA,NA,NA,NA,61.4,6.9,-0.0609692256723822
"6",1976-06-15,NA,NA,NA,NA,61.4,6.9,-0.0609692256723822
"7",1976-07-15,NA,NA,NA,NA,61.7,7.4,0.24387690268953
"8",1976-08-15,NA,NA,NA,NA,61.5,7.1,0.0609692256723822
"9",1976-09-15,NA,NA,NA,NA,61.4,7,0
"10",1976-10-15,NA,NA,NA,NA,61.5,7.4,0.24387690268953
"11",1976-11-15,NA,NA,NA,NA,61.6,7.4,0.24387690268953
"12",1976-12-15,NA,NA,NA,NA,61.8,7.5,0.304846128361912
"13",1977-01-15,NA,NA,NA,NA,61.8,7.6,0.365815354034294
"14",1977-02-15,NA,NA,NA,NA,61.9,7.9,0.548723031051441
"15",1977-03-15,NA,NA,NA,NA,61.8,7.8,0.487753805379059
"16",1977-04-15,NA,NA,NA,NA,61.9,7.9,0.548723031051441
"17",1977-05-15,NA,NA,NA,NA,61.8,7.8,0.487753805379059
"18",1977-06-15,NA,NA,NA,NA,61.7,7.8,0.487753805379059
"19",1977-07-15,NA,NA,NA,NA,61.8,8.1,0.670661482396206
"20",1977-08-15,NA,NA,NA,NA,61.9,8.2,0.731630708068588
"21",1977-09-15,NA,NA,NA,NA,61.9,8.3,0.792599933740971
"22",1977-10-15,NA,NA,NA,NA,62,8.4,0.853569159413353
"23",1977-11-15,NA,NA,NA,NA,62.1,8.5,0.914538385085735
"24",1977-12-15,NA,NA,NA,NA,62.1,8.5,0.914538385085735
"25",1978-01-15,NA,NA,NA,NA,62,8.3,0.792599933740971
"26",1978-02-15,NA,NA,NA,NA,62.2,8.3,0.792599933740971
"27",1978-03-15,NA,NA,NA,NA,62.5,8.5,0.914538385085735
"28",1978-04-15,NA,NA,NA,NA,62.5,8.4,0.853569159413353
"29",1978-05-15,NA,NA,NA,NA,62.6,8.6,0.975507610758118
"30",1978-06-15,NA,NA,NA,NA,62.7,8.4,0.853569159413353
"31",1978-07-15,NA,NA,NA,NA,62.9,8.3,0.792599933740971
"32",1978-08-15,NA,NA,NA,NA,63,8.4,0.853569159413353
"33",1978-09-15,NA,NA,NA,NA,63,8.4,0.853569159413353
"34",1978-10-15,NA,NA,NA,NA,63.2,8.2,0.731630708068588
"35",1978-11-15,NA,NA,NA,NA,63.3,8.3,0.792599933740971
"36",1978-12-15,NA,NA,NA,NA,63.4,8.3,0.792599933740971
"37",1979-01-15,NA,NA,NA,NA,63.6,8.2,0.731630708068588
"38",1979-02-15,NA,NA,NA,NA,63.4,8,0.609692256723824
"39",1979-03-15,NA,NA,NA,NA,63.5,7.9,0.548723031051441
"40",1979-04-15,NA,NA,NA,NA,63.6,8,0.609692256723824
"41",1979-05-15,NA,NA,NA,NA,63.5,7.6,0.365815354034294
"42",1979-06-15,NA,NA,NA,NA,63.5,7.4,0.24387690268953
"43",1979-07-15,NA,NA,NA,NA,63.6,7.2,0.121938451344765
"44",1979-08-15,NA,NA,NA,NA,63.7,7.1,0.0609692256723822
"45",1979-09-15,NA,NA,NA,NA,63.6,7,0
"46",1979-10-15,NA,NA,NA,NA,63.9,7.2,0.121938451344765
"47",1979-11-15,NA,NA,NA,NA,64,7.2,0.121938451344765
"48",1979-12-15,NA,NA,NA,NA,64,7.2,0.121938451344765
"49",1980-01-15,NA,NA,NA,NA,64.2,7.5,0.304846128361912
"50",1980-02-15,NA,NA,NA,NA,64.3,7.6,0.365815354034294
"51",1980-03-15,NA,NA,NA,NA,64.2,7.6,0.365815354034294
"52",1980-04-15,NA,NA,NA,NA,64.4,7.7,0.426784579706677
"53",1980-05-15,NA,NA,NA,NA,64.1,7.8,0.487753805379059
"54",1980-06-15,NA,NA,NA,NA,64.2,7.7,0.426784579706677
"55",1980-07-15,NA,NA,NA,NA,64,7.6,0.365815354034294
"56",1980-08-15,NA,NA,NA,NA,64.1,7.6,0.365815354034294
"57",1980-09-15,NA,NA,NA,NA,64.3,7.3,0.182907677017147
"58",1980-10-15,NA,NA,NA,NA,64.3,7.3,0.182907677017147
"59",1980-11-15,NA,NA,NA,NA,64.4,7.2,0.121938451344765
"60",1980-12-15,NA,NA,NA,NA,64.4,7.3,0.182907677017147
"61",1981-01-15,NA,NA,NA,NA,64.8,7.4,0.24387690268953
"62",1981-02-15,NA,NA,NA,NA,65.1,7.4,0.24387690268953
"63",1981-03-15,NA,NA,NA,NA,65.1,7.4,0.24387690268953
"64",1981-04-15,NA,NA,NA,NA,65,7.1,0.0609692256723822
"65",1981-05-15,NA,NA,NA,NA,65.1,7.2,0.121938451344765
"66",1981-06-15,NA,NA,NA,NA,65.2,7.2,0.121938451344765
"67",1981-07-15,NA,NA,NA,NA,64.9,7.2,0.121938451344765
"68",1981-08-15,NA,NA,NA,NA,64.8,7.1,0.0609692256723822
"69",1981-09-15,NA,NA,NA,NA,65.3,8.1,0.670661482396206
"70",1981-10-15,NA,NA,NA,NA,65.2,8.3,0.792599933740971
"71",1981-11-15,NA,NA,NA,NA,65,8.3,0.792599933740971
"72",1981-12-15,NA,NA,NA,NA,64.9,8.7,1.0364768364305
"73",1982-01-15,NA,NA,NA,NA,64.6,8.6,0.975507610758118
"74",1982-02-15,NA,NA,NA,NA,64.5,8.9,1.15841528777527
"75",1982-03-15,NA,NA,NA,NA,64.6,9.3,1.40229219046479
"76",1982-04-15,NA,NA,NA,NA,64.5,9.8,1.70713831882671
"77",1982-05-15,NA,NA,NA,NA,64.5,10.3,2.01198444718862
"78",1982-06-15,NA,NA,NA,NA,64.4,11.1,2.49973825256768
"79",1982-07-15,NA,NA,NA,NA,64.7,11.9,2.98749205794674
"80",1982-08-15,NA,NA,NA,NA,64.3,12,3.04846128361912
"81",1982-09-15,NA,NA,NA,NA,64.4,12.4,3.29233818630865
"82",1982-10-15,NA,NA,NA,NA,64.6,12.9,3.59718431467056
"83",1982-11-15,NA,NA,NA,NA,64.4,12.9,3.59718431467056
"84",1982-12-15,NA,NA,NA,NA,64.5,13.1,3.71912276601532
"85",1983-01-15,NA,NA,NA,NA,64.3,12.7,3.47524586332579
"86",1983-02-15,NA,NA,NA,NA,64.3,12.7,3.47524586332579
"87",1983-03-15,NA,NA,NA,NA,64.5,12.5,3.35330741198103
"88",1983-04-15,NA,NA,NA,NA,64.7,12.4,3.29233818630865
"89",1983-05-15,NA,NA,NA,NA,64.7,12.4,3.29233818630865
"90",1983-06-15,NA,NA,NA,NA,65,12.4,3.29233818630865
"91",1983-07-15,NA,NA,NA,NA,64.9,11.9,2.98749205794674
"92",1983-08-15,NA,NA,NA,NA,65,11.7,2.86555360660197
"93",1983-09-15,NA,NA,NA,NA,65,11.4,2.68264592958482
"94",1983-10-15,NA,NA,NA,NA,64.8,11.3,2.62167670391244
"95",1983-11-15,NA,NA,NA,NA,64.7,11.3,2.62167670391244
"96",1983-12-15,NA,NA,NA,NA,64.8,11.3,2.62167670391244
"97",1984-01-15,NA,NA,NA,NA,64.6,11.3,2.62167670391244
"98",1984-02-15,NA,NA,NA,NA,64.7,11.3,2.62167670391244
"99",1984-03-15,NA,NA,NA,NA,64.7,11.3,2.62167670391244
"100",1984-04-15,NA,NA,NA,NA,64.7,11.5,2.74361515525721
"101",1984-05-15,NA,NA,NA,NA,65.1,11.7,2.86555360660197
"102",1984-06-15,NA,NA,NA,NA,65.1,11.3,2.62167670391244
"103",1984-07-15,NA,NA,NA,NA,65.2,11.2,2.56070747824006
"104",1984-08-15,NA,NA,NA,NA,65.2,11.3,2.62167670391244
"105",1984-09-15,NA,NA,NA,NA,65.7,11.8,2.92652283227435
"106",1984-10-15,NA,NA,NA,NA,65.3,11.3,2.62167670391244
"107",1984-11-15,NA,NA,NA,NA,65.3,11.4,2.68264592958482
"108",1984-12-15,NA,NA,NA,NA,65.2,11.1,2.49973825256768
"109",1985-01-15,NA,NA,NA,NA,65.1,10.6,2.19489212420577
"110",1985-02-15,NA,NA,NA,NA,65.3,10.8,2.31683057555053
"111",1985-03-15,NA,NA,NA,NA,65.5,11,2.43876902689529
"112",1985-04-15,NA,NA,NA,NA,65.6,10.8,2.31683057555053
"113",1985-05-15,NA,NA,NA,NA,65.6,10.6,2.19489212420577
"114",1985-06-15,NA,NA,NA,NA,65.7,10.7,2.25586134987815
"115",1985-07-15,NA,NA,NA,NA,65.7,10.4,2.072953672861
"116",1985-08-15,NA,NA,NA,NA,65.7,10.3,2.01198444718862
"117",1985-09-15,NA,NA,NA,NA,65.6,10.2,1.95101522151624
"118",1985-10-15,NA,NA,NA,NA,65.8,10.3,2.01198444718862
"119",1985-11-15,NA,NA,NA,NA,66,10.3,2.01198444718862
"120",1985-12-15,NA,NA,NA,NA,66.1,10.1,1.89004599584385
"121",1986-01-15,NA,NA,NA,NA,66.1,9.8,1.70713831882671
"122",1986-02-15,NA,NA,NA,NA,66.1,9.9,1.76810754449909
"123",1986-03-15,NA,NA,NA,NA,66.1,9.8,1.70713831882671
"124",1986-04-15,NA,NA,NA,NA,66.3,9.7,1.64616909315432
"125",1986-05-15,NA,NA,NA,NA,66,9.5,1.52423064180956
"126",1986-06-15,NA,NA,NA,NA,66.2,9.6,1.58519986748194
"127",1986-07-15,NA,NA,NA,NA,66.1,9.6,1.58519986748194
"128",1986-08-15,NA,NA,NA,NA,66.1,9.6,1.58519986748194
"129",1986-09-15,NA,NA,NA,NA,66,9.5,1.52423064180956
"130",1986-10-15,NA,NA,NA,NA,66,9.4,1.46326141613718
"131",1986-11-15,NA,NA,NA,NA,66.1,9.4,1.46326141613718
"132",1986-12-15,NA,NA,NA,NA,66.1,9.5,1.52423064180956
"133",1987-01-15,NA,NA,NA,NA,66.1,9.5,1.52423064180956
"134",1987-02-15,NA,NA,NA,NA,66.2,9.5,1.52423064180956
"135",1987-03-15,NA,NA,NA,NA,66.3,9.4,1.46326141613718
"136",1987-04-15,NA,NA,NA,NA,66.4,9.2,1.34132296479241
"137",1987-05-15,NA,NA,NA,NA,66.4,8.9,1.15841528777527
"138",1987-06-15,NA,NA,NA,NA,66.5,8.9,1.15841528777527
"139",1987-07-15,NA,NA,NA,NA,66.4,8.7,1.0364768364305
"140",1987-08-15,NA,NA,NA,NA,66.4,8.6,0.975507610758118
"141",1987-09-15,NA,NA,NA,NA,66.5,8.4,0.853569159413353
"142",1987-10-15,NA,NA,NA,NA,66.7,8.3,0.792599933740971
"143",1987-11-15,NA,NA,NA,NA,66.7,8.2,0.731630708068588
"144",1987-12-15,NA,NA,NA,NA,66.8,8,0.609692256723824
"145",1988-01-15,NA,NA,NA,NA,66.9,8.1,0.670661482396206
"146",1988-02-15,NA,NA,NA,NA,66.8,7.8,0.487753805379059
"147",1988-03-15,NA,NA,NA,NA,66.9,7.8,0.487753805379059
"148",1988-04-15,NA,NA,NA,NA,66.8,7.7,0.426784579706677
"149",1988-05-15,NA,NA,NA,NA,66.8,7.8,0.487753805379059
"150",1988-06-15,NA,NA,NA,NA,66.7,7.6,0.365815354034294
"151",1988-07-15,NA,NA,NA,NA,66.8,7.8,0.487753805379059
"152",1988-08-15,NA,NA,NA,NA,66.8,7.8,0.487753805379059
"153",1988-09-15,NA,NA,NA,NA,66.8,7.8,0.487753805379059
"154",1988-10-15,NA,NA,NA,NA,66.9,7.8,0.487753805379059
"155",1988-11-15,NA,NA,NA,NA,67,7.8,0.487753805379059
"156",1988-12-15,NA,NA,NA,NA,67,7.5,0.304846128361912
"157",1989-01-15,NA,NA,NA,NA,67.3,7.5,0.304846128361912
"158",1989-02-15,NA,NA,NA,NA,67.4,7.6,0.365815354034294
"159",1989-03-15,NA,NA,NA,NA,67.5,7.5,0.304846128361912
"160",1989-04-15,NA,NA,NA,NA,67.5,7.8,0.487753805379059
"161",1989-05-15,NA,NA,NA,NA,67.3,7.7,0.426784579706677
"162",1989-06-15,NA,NA,NA,NA,67.2,7.5,0.304846128361912
"163",1989-07-15,NA,NA,NA,NA,67.1,7.5,0.304846128361912
"164",1989-08-15,NA,NA,NA,NA,67.1,7.3,0.182907677017147
"165",1989-09-15,NA,NA,NA,NA,67.1,7.3,0.182907677017147
"166",1989-10-15,NA,NA,NA,NA,66.9,7.2,0.121938451344765
"167",1989-11-15,NA,NA,NA,NA,67.2,7.5,0.304846128361912
"168",1989-12-15,NA,NA,NA,NA,67.3,7.7,0.426784579706677
"169",1990-01-15,NA,NA,NA,NA,67.5,7.9,0.548723031051441
"170",1990-02-15,NA,NA,NA,NA,67.5,7.7,0.426784579706677
"171",1990-03-15,NA,NA,NA,NA,67.1,7.3,0.182907677017147
"172",1990-04-15,NA,NA,NA,NA,67.2,7.6,0.365815354034294
"173",1990-05-15,NA,NA,NA,NA,67.1,7.8,0.487753805379059
"174",1990-06-15,NA,NA,NA,NA,67.1,7.6,0.365815354034294
"175",1990-07-15,NA,NA,NA,NA,67.1,7.9,0.548723031051441
"176",1990-08-15,NA,NA,NA,NA,67.1,8.1,0.670661482396206
"177",1990-09-15,NA,NA,NA,NA,67.2,8.5,0.914538385085735
"178",1990-10-15,NA,NA,NA,NA,67.1,8.8,1.09744606210288
"179",1990-11-15,NA,NA,NA,NA,67,9.1,1.28035373912003
"180",1990-12-15,NA,NA,NA,NA,66.9,9.5,1.52423064180956
"181",1991-01-15,NA,NA,NA,NA,66.8,9.8,1.70713831882671
"182",1991-02-15,NA,NA,NA,NA,66.8,10.2,1.95101522151624
"183",1991-03-15,NA,NA,NA,NA,66.7,10.5,2.13392289853338
"184",1991-04-15,NA,NA,NA,NA,66.7,10.3,2.01198444718862
"185",1991-05-15,NA,NA,NA,NA,66.7,10.2,1.95101522151624
"186",1991-06-15,NA,NA,NA,NA,66.9,10.5,2.13392289853338
"187",1991-07-15,NA,NA,NA,NA,66.7,10.5,2.13392289853338
"188",1991-08-15,NA,NA,NA,NA,66.7,10.5,2.13392289853338
"189",1991-09-15,NA,NA,NA,NA,66.4,10.3,2.01198444718862
"190",1991-10-15,NA,NA,NA,NA,66.3,10.3,2.01198444718862
"191",1991-11-15,NA,NA,NA,NA,66.1,10.4,2.072953672861
"192",1991-12-15,NA,NA,NA,NA,65.9,10.3,2.01198444718862
"193",1992-01-15,NA,NA,NA,NA,65.8,10.4,2.072953672861
"194",1992-02-15,NA,NA,NA,NA,65.7,10.5,2.13392289853338
"195",1992-03-15,NA,NA,NA,NA,65.8,10.9,2.37779980122291
"196",1992-04-15,NA,NA,NA,NA,65.5,10.7,2.25586134987815
"197",1992-05-15,NA,NA,NA,NA,65.7,10.9,2.37779980122291
"198",1992-06-15,NA,NA,NA,NA,65.8,11.4,2.68264592958482
"199",1992-07-15,NA,NA,NA,NA,65.7,11.3,2.62167670391244
"200",1992-08-15,NA,NA,NA,NA,65.8,11.7,2.86555360660197
"201",1992-09-15,NA,NA,NA,NA,65.7,11.6,2.80458438092959
"202",1992-10-15,NA,NA,NA,NA,65.5,11.4,2.68264592958482
"203",1992-11-15,NA,NA,NA,NA,65.9,12.1,3.1094305092915
"204",1992-12-15,NA,NA,NA,NA,65.6,11.7,2.86555360660197
"205",1993-01-15,NA,NA,NA,NA,65.4,11.2,2.56070747824006
"206",1993-02-15,NA,NA,NA,NA,65.2,11,2.43876902689529
"207",1993-03-15,NA,NA,NA,NA,65.4,11.2,2.56070747824006
"208",1993-04-15,NA,NA,NA,NA,65.4,11.6,2.80458438092959
"209",1993-05-15,NA,NA,NA,NA,65.4,11.6,2.80458438092959
"210",1993-06-15,NA,NA,NA,NA,65.5,11.7,2.86555360660197
"211",1993-07-15,NA,NA,NA,NA,65.5,11.6,2.80458438092959
"212",1993-08-15,NA,NA,NA,NA,65.2,11.2,2.56070747824006
"213",1993-09-15,NA,NA,NA,NA,65.5,11.5,2.74361515525721
"214",1993-10-15,NA,NA,NA,NA,65.2,11.3,2.62167670391244
"215",1993-11-15,NA,NA,NA,NA,65.4,11.2,2.56070747824006
"216",1993-12-15,NA,NA,NA,NA,65.3,11.4,2.68264592958482
"217",1994-01-15,NA,NA,NA,NA,65.3,11.4,2.68264592958482
"218",1994-02-15,NA,NA,NA,NA,65.1,11.1,2.49973825256768
"219",1994-03-15,NA,NA,NA,NA,64.9,10.6,2.19489212420577
"220",1994-04-15,NA,NA,NA,NA,65.1,10.9,2.37779980122291
"221",1994-05-15,NA,NA,NA,NA,65.2,10.7,2.25586134987815
"222",1994-06-15,NA,NA,NA,NA,65.1,10.3,2.01198444718862
"223",1994-07-15,NA,NA,NA,NA,65.1,10.1,1.89004599584385
"224",1994-08-15,NA,NA,NA,NA,65.2,10.2,1.95101522151624
"225",1994-09-15,NA,NA,NA,NA,65.4,10.1,1.89004599584385
"226",1994-10-15,NA,NA,NA,NA,65.1,10,1.82907677017147
"227",1994-11-15,NA,NA,NA,NA,65.3,9.7,1.64616909315432
"228",1994-12-15,NA,NA,NA,NA,65.1,9.6,1.58519986748194
"229",1995-01-15,NA,NA,NA,NA,65.1,9.6,1.58519986748194
"230",1995-02-15,NA,NA,NA,NA,65,9.6,1.58519986748194
"231",1995-03-15,NA,NA,NA,NA,65.2,9.7,1.64616909315432
"232",1995-04-15,NA,NA,NA,NA,64.9,9.5,1.52423064180956
"233",1995-05-15,NA,NA,NA,NA,64.8,9.5,1.52423064180956
"234",1995-06-15,NA,NA,NA,NA,64.8,9.5,1.52423064180956
"235",1995-07-15,NA,NA,NA,NA,64.8,9.6,1.58519986748194
"236",1995-08-15,NA,NA,NA,NA,64.8,9.5,1.52423064180956
"237",1995-09-15,NA,NA,NA,NA,64.6,9.2,1.34132296479241
"238",1995-10-15,NA,NA,NA,NA,64.7,9.3,1.40229219046479
"239",1995-11-15,NA,NA,NA,NA,64.4,9.2,1.34132296479241
"240",1995-12-15,NA,NA,NA,NA,64.7,9.4,1.46326141613718
"241",1996-01-15,NA,NA,NA,NA,64.7,9.4,1.46326141613718
"242",1996-02-15,NA,NA,NA,NA,64.8,9.5,1.52423064180956
"243",1996-03-15,NA,NA,NA,NA,64.7,9.6,1.58519986748194
"244",1996-04-15,NA,NA,NA,NA,64.6,9.3,1.40229219046479
"245",1996-05-15,NA,NA,NA,NA,64.5,9.2,1.34132296479241
"246",1996-06-15,NA,NA,NA,NA,64.8,9.8,1.70713831882671
"247",1996-07-15,NA,NA,NA,NA,64.8,9.7,1.64616909315432
"248",1996-08-15,NA,NA,NA,NA,64.6,9.4,1.46326141613718
"249",1996-09-15,NA,NA,NA,NA,64.7,9.9,1.76810754449909
"250",1996-10-15,NA,NA,NA,NA,64.6,9.9,1.76810754449909
"251",1996-11-15,NA,NA,NA,NA,64.6,9.9,1.76810754449909
"252",1996-12-15,NA,NA,NA,NA,64.6,9.7,1.64616909315432
"253",1997-01-15,NA,1046317,NA,NA,64.7,9.5,1.52423064180956
"254",1997-02-15,NA,1052908,0.00629923818498601,1.17734242731912,64.7,9.5,1.52423064180956
"255",1997-03-15,NA,1052793,-0.000109221318481789,-0.60538754431569,64.6,9.3,1.40229219046479
"256",1997-04-15,NA,1059928,0.0067772107147368,1.31030666840448,64.6,9.4,1.46326141613718
"257",1997-05-15,NA,1063696,0.00355495845000786,0.413928110438719,64.8,9.4,1.46326141613718
"258",1997-06-15,NA,1065703,0.00188681728614193,-0.0501218298210799,64.8,9.1,1.28035373912003
"259",1997-07-15,NA,1077168,0.0107581568223041,2.41774160461383,64.8,8.9,1.15841528777527
"260",1997-08-15,NA,1078500,0.00123657591016446,-0.231008482709315,65,8.9,1.15841528777527
"261",1997-09-15,NA,1080331,0.00169772832637927,-0.1027233256551,65,8.8,1.09744606210288
"262",1997-10-15,NA,1084502,0.00386085375685785,0.49902324623677,65.1,8.9,1.15841528777527
"263",1997-11-15,NA,1085313,0.000747808671629935,-0.366975637501691,65.1,8.9,1.15841528777527
"264",1997-12-15,NA,1095145,0.00905913777868683,1.94510193671927,64.8,8.5,0.914538385085735
"265",1998-01-15,NA,1090467,-0.0042715804756448,-1.76328866207538,65,8.8,1.09744606210288
"266",1998-02-15,NA,1100979,0.00963990657213842,2.10666243875819,65,8.6,0.975507610758118
"267",1998-03-15,NA,1105001,0.00365311236635768,0.441232945308233,64.9,8.4,0.853569159413353
"268",1998-04-15,NA,1105729,0.00065882293319186,-0.39173003329303,65,8.3,0.792599933740971
"269",1998-05-15,NA,1103896,-0.00165772987775481,-1.0361576254023,65,8.3,0.792599933740971
"270",1998-06-15,NA,1103839,-5.16352989774482e-05,-0.589368043394762,65,8.4,0.853569159413353
"271",1998-07-15,NA,1103728,-0.000100558142990037,-0.602977588757678,65.2,8.3,0.792599933740971
"272",1998-08-15,NA,1114650,0.00989555397706687,2.17777941947563,65.2,8.1,0.670661482396206
"273",1998-09-15,NA,1118576,0.00352218185080511,0.404810189706694,65.4,8.2,0.731630708068588
"274",1998-10-15,NA,1124026,0.00487226616698377,0.780381849851131,65.2,8,0.609692256723824
"275",1998-11-15,NA,1127407,0.00300793753881146,0.261755724396003,65.4,8,0.609692256723824
"276",1998-12-15,NA,1138310,0.00967086420432017,2.11527435223153,65.4,8.1,0.670661482396206
"277",1999-01-15,NA,1142639,0.00380300621096197,0.482930992895962,65.5,7.9,0.548723031051441
"278",1999-02-15,NA,1148650,0.00526062912258385,0.888418154121492,65.4,7.9,0.548723031051441
"279",1999-03-15,NA,1149382,0.000637269838505983,-0.397725756267827,65.4,7.9,0.548723031051441
"280",1999-04-15,NA,1157593,0.00714383903697824,1.41229674857215,65.7,8.2,0.731630708068588
"281",1999-05-15,NA,1159874,0.00197046803151024,-0.0268515429702404,65.7,7.9,0.548723031051441
"282",1999-06-15,NA,1168148,0.00713353347001489,1.40942990622255,65.4,7.6,0.365815354034294
"283",1999-07-15,NA,1174866,0.00575098360824144,1.02482685543798,65.6,7.6,0.365815354034294
"284",1999-08-15,NA,1181059,0.00527123944347685,0.891369774094182,65.5,7.4,0.24387690268953
"285",1999-09-15,NA,1189048,0.00676426833883825,1.30670630837942,65.6,7.5,0.304846128361912
"286",1999-10-15,NA,1192608,0.00299399183212112,0.257876253943076,65.5,7.2,0.121938451344765
"287",1999-11-15,NA,1202590,0.00836989186723547,1.75336485177613,65.4,6.9,-0.0609692256723822
"288",1999-12-15,NA,1210599,0.00665979261427418,1.27764284852797,65.5,6.8,-0.121938451344765
"289",2000-01-15,NA,1216821,0.00513960444375061,0.854751042369168,65.7,6.8,-0.121938451344765
"290",2000-02-15,NA,1217080,0.000212849712488472,-0.515792583218517,65.7,6.9,-0.0609692256723822
"291",2000-03-15,NA,1227255,0.00836017353008844,1.75066136728082,65.8,6.9,-0.0609692256723822
"292",2000-04-15,NA,1225970,-0.00104705216112377,-0.866276943803458,65.7,6.7,-0.182907677017147
"293",2000-05-15,NA,1232911,0.00566163935495978,0.999972726605247,65.6,6.6,-0.24387690268953
"294",2000-06-15,NA,1237501,0.00372289646211277,0.460645754108649,65.7,6.7,-0.182907677017147
"295",2000-07-15,NA,1240239,0.00221252346462752,0.0404843706267353,65.6,6.8,-0.121938451344765
"296",2000-08-15,NA,1244766,0.0036501029237106,0.440395766950163,65.8,7,0
"297",2000-09-15,NA,1246969,0.00176981055073799,-0.0826712145795954,65.9,6.9,-0.0609692256723822
"298",2000-10-15,NA,1249249,0.00182843358575879,-0.0663632326842236,66,7,0
"299",2000-11-15,NA,1250028,0.000623574643645819,-0.401535538374023,66,6.9,-0.0609692256723822
"300",2000-12-15,NA,1253076,0.00243834538106347,0.103304381967139,66,6.8,-0.121938451344765
"301",2001-01-15,NA,1253028,-3.83057372418394e-05,-0.585659974520804,65.9,6.9,-0.0609692256723822
"302",2001-02-15,NA,1252494,-0.000426167651481069,-0.693556897173707,65.9,7,0
"303",2001-03-15,NA,1253017,0.000417566870579922,-0.458843574920963,66,7.1,0.0609692256723822
"304",2001-04-15,NA,1251590,-0.00113885126857816,-0.891813973434323,66,7.1,0.0609692256723822
"305",2001-05-15,NA,1256507,0.00392860281721652,0.517869941044803,66,7,0
"306",2001-06-15,NA,1254970,-0.00122323234172195,-0.915287425681426,65.9,7.2,0.121938451344765
"307",2001-07-15,NA,1252539,-0.0019370980979625,-1.11387335396655,65.8,7.1,0.0609692256723822
"308",2001-08-15,NA,1256046,0.00279991281708591,0.203886605294847,65.8,7.2,0.121938451344765
"309",2001-09-15,NA,1248547,-0.00597032274295684,-2.23585133527029,65.8,7.2,0.121938451344765
"310",2001-10-15,NA,1253408,0.00389332560167932,0.508056389220069,65.9,7.3,0.182907677017147
"311",2001-11-15,NA,1260530,0.00568210829993099,1.00566685663262,66,7.5,0.304846128361912
"312",2001-12-15,NA,1258156,-0.00188333478774805,-1.09891726905383,66.2,8.1,0.670661482396206
"313",2002-01-15,NA,1270642,0.0099240475743867,2.18570587823132,66.3,8,0.609692256723824
"314",2002-02-15,NA,1276616,0.00470156031360536,0.732894237424693,66.3,7.9,0.548723031051441
"315",2002-03-15,NA,1274492,-0.00166377360145886,-1.03783889176306,66.5,7.9,0.548723031051441
"316",2002-04-15,NA,1282839,0.00654927610373379,1.24689893954419,66.6,7.7,0.426784579706677
"317",2002-05-15,NA,1284200,0.00106092814452952,-0.279870855340157,66.7,7.7,0.426784579706677
"318",2002-06-15,NA,1285284,0.000844105279551366,-0.34018747585139,66.9,7.7,0.426784579706677
"319",2002-07-15,NA,1290066,0.00372057848693363,0.460000930836674,66.9,7.6,0.365815354034294
"320",2002-08-15,NA,1294832,0.00369438462838345,0.452714222278259,67.1,7.4,0.24387690268953
"321",2002-09-15,NA,1291955,-0.00222190986938842,-1.19310339059558,67.1,7.5,0.304846128361912
"322",2002-10-15,NA,1299960,0.00619603623965226,1.14863331228485,67.1,7.5,0.304846128361912
"323",2002-11-15,NA,1299740,-0.000169235976491544,-0.622082653259347,67.2,7.5,0.304846128361912
"324",2002-12-15,NA,1296349,-0.0026089833351286,-1.30078097960526,67.3,7.6,0.365815354034294
"325",2003-01-15,NA,1303738,0.00569985397450834,1.01060341680263,67.3,7.4,0.24387690268953
"326",2003-02-15,NA,1307841,0.00314710470968871,0.300469784531086,67.5,7.4,0.24387690268953
"327",2003-03-15,NA,1307066,-0.00059257967902826,-0.739850036576142,67.4,7.4,0.24387690268953
"328",2003-04-15,NA,1303193,-0.002963125044948,-1.3992974857889,67.5,7.6,0.365815354034294
"329",2003-05-15,NA,1307320,0.00316683714538057,0.305959029567621,67.5,7.8,0.487753805379059
"330",2003-06-15,NA,1311369,0.003097175901845,0.286580396271269,67.5,7.6,0.365815354034294
"331",2003-07-15,NA,1318232,0.00523346213003362,0.880860735395155,67.5,7.6,0.365815354034294
"332",2003-08-15,NA,1305552,-0.00961894416157394,-3.25083890827401,67.6,7.8,0.487753805379059
"333",2003-09-15,NA,1321458,0.0121833523291297,2.81420798535361,67.7,7.9,0.548723031051441
"334",2003-10-15,NA,1326973,0.00417342057030945,0.58597428746236,67.6,7.6,0.365815354034294
"335",2003-11-15,NA,1328084,0.000837243862535253,-0.34209621129021,67.6,7.4,0.24387690268953
"336",2003-12-15,NA,1333319,0.00394176874354324,0.521532489189841,67.6,7.4,0.24387690268953
"337",2004-01-15,NA,1335250,0.0014482655688548,-0.172119837313616,67.6,7.3,0.182907677017147
"338",2004-02-15,NA,1333995,-0.000939898895337965,-0.83646863521205,67.6,7.4,0.24387690268953
"339",2004-03-15,NA,1345503,0.00862671899070078,1.8248100111444,67.6,7.3,0.182907677017147
"340",2004-04-15,NA,1348586,0.00229133639984447,0.0624088567981353,67.6,7.2,0.121938451344765
"341",2004-05-15,NA,1349571,0.000730394650396704,-0.371819937065785,67.5,7.1,0.0609692256723822
"342",2004-06-15,NA,1355867,0.00466518619620615,0.722775545211028,67.6,7.2,0.121938451344765
"343",2004-07-15,NA,1356853,0.000727209969709319,-0.372705863817513,67.4,7,0
"344",2004-08-15,NA,1362357,0.00405644531868954,0.553433660984266,67.2,7,0
"345",2004-09-15,NA,1365968,0.00265055341588138,0.162337231232538,67.4,7,0
"346",2004-10-15,NA,1366210,0.00017716374029253,-0.525719844546486,67.4,7.1,0.0609692256723822
"347",2004-11-15,NA,1371174,0.00363340921234667,0.435751845962571,67.5,7.2,0.121938451344765
"348",2004-12-15,NA,1371331,0.000114500420807184,-0.543151768350983,67.5,7.1,0.0609692256723822
"349",2005-01-15,NA,1377872,0.00476981851938008,0.751882568267505,67.3,6.9,-0.0609692256723822
"350",2005-02-15,NA,1378783,0.000661164462301356,-0.391078657697898,67.4,7,0
"351",2005-03-15,NA,1374077,-0.00341315493446037,-1.52448853548362,67.2,6.9,-0.0609692256723822
"352",2005-04-15,NA,1384207,0.00737222149850414,1.47582906221752,67.2,6.8,-0.121938451344765
"353",2005-05-15,NA,1390062,0.00422985868443093,0.601674459638289,67.2,7,0
"354",2005-06-15,NA,1394154,0.0029437535879695,0.243900785498133,67.1,6.8,-0.121938451344765
"355",2005-07-15,NA,1397646,0.00250474481298335,0.121775631932758,67.1,6.7,-0.182907677017147
"356",2005-08-15,NA,1402812,0.00369621492137484,0.453223380239054,67.1,6.7,-0.182907677017147
"357",2005-09-15,NA,1403844,0.000735665220998882,-0.37035374941569,67.1,6.7,-0.182907677017147
"358",2005-10-15,NA,1408406,0.0032496488213789,0.328995900866199,67.2,6.7,-0.182907677017147
"359",2005-11-15,NA,1415941,0.00535001980962879,0.913285200077515,66.9,6.3,-0.426784579706677
"360",2005-12-15,NA,1423236,0.00515205082697645,0.858213425240301,67,6.6,-0.24387690268953
"361",2006-01-15,NA,1426499,0.00229266263641459,0.0627777944003395,66.9,6.6,-0.24387690268953
"362",2006-02-15,NA,1429581,0.00216053428709029,0.0260218207820928,66.9,6.4,-0.365815354034294
"363",2006-03-15,NA,1432781,0.00223841810992176,0.0476878428880333,67,6.4,-0.365815354034294
"364",2006-04-15,NA,1433056,0.000191934426824414,-0.521610878020637,67,6.3,-0.426784579706677
"365",2006-05-15,NA,1433715,0.000459856418730364,-0.447079305374765,67.1,6.1,-0.548723031051441
"366",2006-06-15,0.0022,1431494,-0.00154912238485339,-1.00594477430529,67,6.1,-0.548723031051441
"367",2006-07-15,0.0025,1434342,0.00198952981989442,-0.0215488611873492,67.2,6.4,-0.365815354034294
"368",2006-08-15,2e-04,1435711,0.000954444616416472,-0.309492853723671,67.1,6.4,-0.365815354034294
"369",2006-09-15,NA,1434067,-0.00114507724744051,-0.893545940237682,67.1,6.4,-0.365815354034294
"370",2006-10-15,0.002,1436868,0.00195318628767005,-0.0316590450991614,66.9,6.1,-0.548723031051441
"371",2006-11-15,5e-04,1440654,0.00263489756887902,0.157982027354393,67.1,6.2,-0.487753805379059
"372",2006-12-15,3e-04,1450451,0.00680038371461844,1.31675302285196,67.1,6.1,-0.548723031051441
"373",2007-01-15,0.0022,1448187,-0.0015608938185433,-1.00921939711234,67.4,6.2,-0.487753805379059
"374",2007-02-15,0.001,1454974,0.00468654945804658,0.728718459753004,67.4,6.2,-0.487753805379059
"375",2007-03-15,0.001,1457841,0.00197048194675653,-0.0268476719733795,67.5,6.1,-0.548723031051441
"376",2007-04-15,0.0035,1459692,0.00126968578877951,-0.221797849025464,67.4,6.2,-0.487753805379059
"377",2007-05-15,0.0023,1464184,0.00307736152558213,0.281068356690783,67.3,6,-0.609692256723824
"378",2007-06-15,0.0056,1468020,0.00261988930353008,0.153806970237259,67.5,6.1,-0.548723031051441
"379",2007-07-15,0.0017,1468745,0.000493862481437679,-0.437619367745009,67.5,6,-0.609692256723824
"380",2007-08-15,NA,1476172,0.00505669806535503,0.83168782639261,67.4,5.9,-0.670661482396206
"381",2007-09-15,0.0013,1475654,-0.000350907617811425,-0.672620770852472,67.5,5.9,-0.670661482396206
"382",2007-10-15,4e-04,1475279,-0.000254124611867024,-0.645697301124899,67.6,5.8,-0.731630708068589
"383",2007-11-15,0.0037,1478335,0.0020714725824742,0.00124629242647599,67.7,6,-0.609692256723824
"384",2007-12-15,0.0019,1473209,-0.00346741435466247,-1.53958263018539,67.6,6,-0.609692256723824
"385",2008-01-15,0.0011,1479314,0.00414401486822302,0.577794095886199,67.6,5.9,-0.670661482396206
"386",2008-02-15,8e-04,1475941,-0.00228011091627611,-1.20929398220516,67.7,5.9,-0.670661482396206
"387",2008-03-15,NA,1478793,0.0019323265631892,-0.0374618836771269,67.7,6.1,-0.548723031051441
"388",2008-04-15,9e-04,1482674,0.0026244376325828,0.155072241948621,67.7,6,-0.609692256723824
"389",2008-05-15,0.001,1482170,-0.000339926376263455,-0.669565966741947,67.6,6,-0.609692256723824
"390",2008-06-15,5e-04,1486280,0.00277296126625148,0.196389118975618,67.4,6,-0.609692256723824
"391",2008-07-15,0.0018,1492906,0.00445811018112341,0.665170340981378,67.4,6.1,-0.548723031051441
"392",2008-08-15,0.0014,1490518,-0.0015995648754844,-1.01997706082331,67.4,6.1,-0.548723031051441
"393",2008-09-15,7e-04,1491310,0.000531358896705747,-0.427188470383314,67.5,6.1,-0.548723031051441
"394",2008-10-15,0.0019,1492168,0.000575333096405117,-0.414955557974287,67.6,6.2,-0.487753805379059
"395",2008-11-15,NA,1476661,-0.010392261461176,-3.46596329609893,67.4,6.6,-0.24387690268953
"396",2008-12-15,7e-04,1456237,-0.0138312043183912,-4.42262167850418,67.4,6.9,-0.0609692256723822
"397",2009-01-15,NA,1449609,-0.00455145694004477,-1.84114577596852,67.2,7.4,0.24387690268953
"398",2009-02-15,0.001,1441717,-0.00544422668457489,-2.08949990545648,67.4,8,0.609692256723824
"399",2009-03-15,0.0016,1431062,-0.00739049341861131,-2.63091988910231,67.3,8.1,0.670661482396206
"400",2009-04-15,NA,1427481,-0.00250233742493333,-1.27111380914807,67.2,8.3,0.792599933740971
"401",2009-05-15,0.0013,1425246,-0.0015656950950661,-1.01055503472613,67.2,8.6,0.975507610758118
"402",2009-06-15,NA,1428798,0.0024922013462938,0.118286242009397,67.2,8.7,1.0364768364305
"403",2009-07-15,0.0012,1431410,0.0018281100617441,-0.0664532318419335,67.1,8.7,1.0364768364305
"404",2009-08-15,0.0036,1430383,-0.000717474378410077,-0.774593725565017,67,8.7,1.0364768364305
"405",2009-09-15,NA,1441215,0.00757279693620516,1.53162591076902,66.8,8.4,0.853569159413353
"406",2009-10-15,0.001,1443774,0.00177558518333498,-0.08106480502044,66.8,8.4,0.853569159413353
"407",2009-11-15,NA,1452669,0.00616093654547045,1.13886914403517,67.1,8.5,0.914538385085735
"408",2009-12-15,NA,1456248,0.00246374087971857,0.11036899969197,67,8.5,0.914538385085735
"409",2010-01-15,0.0016,1465388,0.00627640346973868,1.17099017819542,67,8.3,0.792599933740971
"410",2010-02-15,3e-04,1472653,0.00495773133122412,0.804156878739043,66.9,8.2,0.731630708068588
"411",2010-03-15,6e-04,1480485,0.00531829290403096,0.904459287159462,66.9,8.2,0.731630708068588
"412",2010-04-15,NA,1479348,-0.000767991570330029,-0.788646792775599,67.1,8.1,0.670661482396206
"413",2010-05-15,3e-04,1485823,0.00437692821432134,0.642586828470142,67,8,0.609692256723824
"414",2010-06-15,0.001,1488406,0.00173843048599998,-0.0914006419700679,67.1,7.9,0.548723031051441
"415",2010-07-15,NA,1488617,0.000141762395475364,-0.535567927132885,67,8.1,0.670661482396206
"416",2010-08-15,4e-04,1493504,0.00328291293193606,0.338249439386325,67.1,8.1,0.670661482396206
"417",2010-09-15,4e-04,1493372,-8.83827562564443e-05,-0.599590592735549,66.9,8.1,0.670661482396206
"418",2010-10-15,6e-04,1499793,0.00429966545509086,0.621093576231154,66.7,7.8,0.487753805379059
"419",2010-11-15,NA,1506896,0.00473598689952537,0.742471157823028,66.6,7.6,0.365815354034294
"420",2010-12-15,7e-04,1516427,0.00632492222422787,1.1844873123768,66.7,7.6,0.365815354034294
"421",2011-01-15,3e-04,1521926,0.00362628731880932,0.43377065016084,66.9,7.7,0.426784579706677
"422",2011-02-15,5e-04,1519254,-0.00175567011799527,-1.06340301902791,66.8,7.7,0.426784579706677
"423",2011-03-15,4e-04,1524479,0.00343918791722775,0.381722617292112,66.9,7.7,0.426784579706677
"424",2011-04-15,NA,1523180,-0.000852094387656321,-0.812042838746612,66.9,7.6,0.365815354034294
"425",2011-05-15,NA,1518546,-0.00304231935818489,-1.42132806516824,66.7,7.5,0.304846128361912
"426",2011-06-15,4e-04,1524168,0.00370222568167189,0.454895476712171,66.8,7.5,0.304846128361912
"427",2011-07-15,NA,1533855,0.00635559859543045,1.19302098358659,66.6,7.3,0.182907677017147
"428",2011-08-15,NA,1542312,0.00551355897395767,0.958779155313938,66.6,7.3,0.182907677017147
"429",2011-09-15,NA,1547602,0.00342991560721817,0.379143210345494,66.6,7.4,0.24387690268953
"430",2011-10-15,NA,1548345,0.000480097596152085,-0.441448536602433,66.5,7.4,0.24387690268953
"431",2011-11-15,NA,1550199,0.0011974075545178,-0.241904486891468,66.5,7.5,0.304846128361912
"432",2011-12-15,NA,1559414,0.00594439810630765,1.07863164619382,66.5,7.4,0.24387690268953
"433",2012-01-15,NA,1559810,0.00025394154470848,-0.504361498907482,66.5,7.6,0.365815354034294
"434",2012-02-15,NA,1555968,-0.00246312050826702,-1.26020429607425,66.3,7.5,0.304846128361912
"435",2012-03-15,NA,1557835,0.00119989614182292,-0.241212202080515,66.5,7.3,0.182907677017147
"436",2012-04-15,NA,1563656,0.00373659598096077,0.464456739078451,66.7,7.3,0.182907677017147
"437",2012-05-15,NA,1564378,0.000461738387471433,-0.446555772054695,66.6,7.4,0.24387690268953
"438",2012-06-15,NA,1565005,0.000400798272540248,-0.46350832817273,66.5,7.2,0.121938451344765
"439",2012-07-15,NA,1568613,0.00230542394433253,0.0663277842364715,66.4,7.3,0.182907677017147
"440",2012-08-15,NA,1567115,-0.000954983797788245,-0.840665011533497,66.4,7.2,0.121938451344765
"441",2012-09-15,NA,1567117,1.27623052548209e-06,-0.574648910124298,66.6,7.3,0.182907677017147
"442",2012-10-15,NA,1568911,0.00114477732039142,-0.256545368329587,66.7,7.4,0.24387690268953
"443",2012-11-15,NA,1575246,0.00403783261128265,0.54825590627901,66.6,7.2,0.121938451344765
"444",2012-12-15,NA,1573486,-0.00111728580805792,-0.88581481048405,66.7,7.2,0.121938451344765
"445",2013-01-15,NA,1581334,0.00498765162194004,0.812480220564083,66.6,7,0
"446",2013-02-15,NA,1585384,0.00256112876849546,0.13746073805793,66.6,7.1,0.0609692256723822
"447",2013-03-15,NA,1590775,0.00340043800114032,0.370943016239782,66.6,7.3,0.182907677017147
"448",2013-04-15,NA,1592341,0.000984425830177216,-0.30115256409114,66.5,7.1,0.0609692256723822
"449",2013-05-15,NA,1595427,0.00193802709344282,-0.0358760881935426,66.5,7,0
"450",2013-06-15,NA,1589572,-0.00366986392984447,-1.59590083352683,66.5,7.1,0.0609692256723822
"451",2013-07-15,NA,1599653,0.00634195871593102,1.18922658932071,66.4,7.1,0.0609692256723822
"452",2013-08-15,NA,1602538,0.00180351613756224,-0.0732948644894347,66.5,7.1,0.0609692256723822
"453",2013-09-15,NA,1606768,0.00263956299320212,0.159279873079511,66.3,7,0
"454",2013-10-15,NA,1613907,0.00444308076834998,0.660989400992171,66.3,7,0
"455",2013-11-15,NA,1616979,0.00190345540356418,-0.0454933741705172,66.3,7,0
"456",2013-12-15,NA,1610130,-0.00423567653012191,-1.75330076408696,66.3,7.2,0.121938451344765
"457",2014-01-15,NA,1613255,0.00194083707526715,-0.0350943966161388,66.2,7,0
"458",2014-02-15,NA,1620806,0.00468059916132302,0.727063183269868,66.2,7.1,0.0609692256723822
"459",2014-03-15,NA,1623389,0.00159365155360969,-0.131675803558245,66.2,7,0
"460",2014-04-15,NA,1626952,0.00219479126691136,0.0355515595019301,66,7,0
"461",2014-05-15,NA,1634643,0.00472724456529749,0.740039181582616,66,7,0
"462",2014-06-15,NA,1641669,0.00429818620946598,0.62068207398019,66,7,0
"463",2014-07-15,NA,1642817,0.000699288346189153,-0.380473208696445,66,7,0
"464",2014-08-15,NA,1641455,-0.000829063736253022,-0.80563608334764,65.8,7,0
"465",2014-09-15,NA,1648485,0.00428278569927287,0.61639790068006,65.9,6.9,-0.0609692256723822
"466",2014-10-15,NA,1654092,0.00340130483443879,0.371184155268711,65.9,6.6,-0.24387690268953
"467",2014-11-15,NA,1650612,-0.00210387330329875,-1.16026752356653,65.8,6.7,-0.182907677017147
"468",2014-12-15,NA,1656445,0.00353384078147978,0.408053515991225,65.7,6.7,-0.182907677017147
"469",2015-01-15,NA,1652337,-0.00248000990072117,-1.26490265238194,65.7,6.6,-0.24387690268953
"470",2015-02-15,NA,1650031,-0.00139559908178533,-0.963237069969213,65.8,6.8,-0.121938451344765
"471",2015-03-15,NA,1646543,-0.00211389967824849,-1.1630566992054,65.9,6.8,-0.121938451344765
"472",2015-04-15,NA,1645610,-0.000566641745766705,-0.732634522301204,65.8,6.8,-0.121938451344765
"473",2015-05-15,NA,1642118,-0.00212200946761387,-1.16531271167727,65.9,6.8,-0.121938451344765
"474",2015-06-15,NA,1649021,0.0042037173942433,0.594402374749639,65.8,6.8,-0.121938451344765
"475",2015-07-15,NA,1653505,0.00271918914313396,0.181430582455543,65.7,6.8,-0.121938451344765
"476",2015-08-15,NA,1655842,0.00141336131429903,-0.181829637414633,65.9,7,0
"477",2015-09-15,NA,NA,NA,NA,65.9,7.1,0.0609692256723822
"478",2015-10-15,NA,NA,NA,NA,66,7,0
